502270798,Javier Molina,3,17,4
343535435,Carlos Valle,6,6,2
475646333,Gilbert Marquez,4,24,6
224343545,Edgar Casasola,2,32,5
786976675,Jeisson Hidalgo,4,12,4
27208993,Test0,1,18,5
12327480,Test1,10,18,6
44261012,Test2,13,26,1
17235819,Test3,2,8,5
76209847,Test4,4,26,5
14489849,Test5,14,21,5
68562782,Test6,7,2,0
49836921,Test7,12,12,3
76804492,Test8,8,25,2
87942202,Test9,14,8,4
97334475,Test10,4,29,5
20668844,Test11,3,9,2
51061144,Test12,0,7,3
26528718,Test13,15,9,2
47846726,Test14,6,10,4
56654678,Test15,14,31,7
97077866,Test16,5,22,3
42429769,Test17,7,14,4
38972995,Test18,9,9,3
88636060,Test19,6,30,2
88668486,Test20,7,15,5
95447212,Test21,3,9,5
67286710,Test22,12,11,1
29398760,Test23,16,10,5
68390559,Test24,14,3,1
53125207,Test25,8,12,5
56215695,Test26,12,10,1
68195617,Test27,9,11,8
13216213,Test28,13,27,5
68151320,Test29,15,31,3
55689775,Test30,16,23,8
94254374,Test31,8,4,3
12727414,Test32,0,7,7
97111807,Test33,0,22,1
47123996,Test34,5,3,8
21899076,Test35,4,3,1
14871956,Test36,13,16,4
36369495,Test37,7,7,1
17640703,Test38,13,13,6
34918681,Test39,12,29,5
78977776,Test40,0,29,3
18803886,Test41,5,7,1
79425052,Test42,1,0,0
12188230,Test43,4,0,5
74810820,Test44,4,31,0
68640742,Test45,0,30,2
22114545,Test46,10,9,5
16534500,Test47,15,9,7
79852516,Test48,8,4,6
84327722,Test49,15,32,7
64053270,Test50,0,0,6
90744963,Test51,0,9,0
73853491,Test52,3,5,7
39067806,Test53,6,3,5
24699422,Test54,5,2,5
71999866,Test55,8,4,2
44797344,Test56,4,15,3
88723787,Test57,12,29,7
66451124,Test58,14,0,5
41261013,Test59,11,28,5
34140301,Test60,0,15,2
49611433,Test61,4,19,1
98654141,Test62,1,24,8
98862118,Test63,12,4,8
14618952,Test64,0,3,1
54293773,Test65,14,0,8
63625775,Test66,13,19,1
90604960,Test67,7,5,2
46836063,Test68,5,19,0
85827622,Test69,15,2,2
38565090,Test70,4,21,0
51336469,Test71,10,22,2
79532058,Test72,13,13,6
21766064,Test73,6,6,5
45338459,Test74,8,4,8
18906004,Test75,11,18,6
13355778,Test76,15,26,4
81112843,Test77,10,12,6
27504184,Test78,13,13,6
88381656,Test79,13,16,0
55409150,Test80,8,19,4
72054000,Test81,15,2,7
51432592,Test82,3,20,8
82957390,Test83,15,6,8
55126917,Test84,11,2,5
44885713,Test85,12,28,1
47954781,Test86,0,11,1
65334649,Test87,8,4,5
97247297,Test88,4,23,6
74750953,Test89,13,8,5
77687037,Test90,1,3,3
96848801,Test91,9,0,5
37300668,Test92,3,4,2
97510421,Test93,8,21,7
84535303,Test94,1,20,8
68671907,Test95,12,3,7
49555658,Test96,14,4,8
17332586,Test97,14,5,2
36254377,Test98,3,26,0
30479781,Test99,16,1,5
83028467,Test100,6,0,5
47063514,Test101,8,18,8
65018090,Test102,6,30,6
34921711,Test103,16,16,6
27322196,Test104,4,12,6
22133837,Test105,0,0,4
34622822,Test106,7,22,0
50500165,Test107,4,30,8
31779308,Test108,11,21,2
55083432,Test109,12,25,1
51977514,Test110,8,19,3
76664488,Test111,11,29,2
78867336,Test112,1,32,6
40849850,Test113,6,16,0
61948252,Test114,9,21,1
54903908,Test115,11,11,5
27272732,Test116,3,13,8
71235404,Test117,4,12,2
28252826,Test118,5,19,5
49242268,Test119,6,8,3
25294994,Test120,11,22,2
13506739,Test121,9,4,6
51045591,Test122,5,2,7
34455535,Test123,15,0,6
92739403,Test124,13,11,3
53230593,Test125,4,13,0
87669591,Test126,4,3,1
83840712,Test127,9,26,8
43231193,Test128,16,8,3
54217923,Test129,14,20,0
13086574,Test130,10,11,1
17386652,Test131,12,11,6
93105665,Test132,4,9,1
25430165,Test133,9,0,1
41803712,Test134,1,9,0
21074553,Test135,7,11,8
25065559,Test136,5,25,8
50101243,Test137,14,15,3
90088702,Test138,9,22,5
99448849,Test139,16,4,0
14671211,Test140,4,22,4
77431409,Test141,3,22,6
19884686,Test142,2,23,4
92042383,Test143,7,26,0
30884838,Test144,8,29,2
75429373,Test145,9,19,2
50739034,Test146,16,13,6
52409725,Test147,7,29,6
23555760,Test148,16,22,2
58721967,Test149,15,2,7
97466237,Test150,15,15,3
66857905,Test151,13,13,4
68922279,Test152,15,1,2
49637362,Test153,15,17,8
12942213,Test154,7,30,1
95053106,Test155,13,22,3
27388163,Test156,4,29,1
59017484,Test157,1,27,4
40764662,Test158,13,18,4
34397416,Test159,3,32,3
12305065,Test160,15,30,8
69651207,Test161,15,11,8
42817554,Test162,10,8,0
63699079,Test163,1,31,2
66531146,Test164,4,6,7
87455287,Test165,13,23,8
74393776,Test166,8,23,6
12634264,Test167,7,23,7
77019109,Test168,4,7,3
47773314,Test169,13,25,1
62300440,Test170,2,11,4
20991480,Test171,5,26,4
32503360,Test172,12,6,4
82956019,Test173,14,20,0
95300478,Test174,16,13,7
58742469,Test175,9,29,2
82992888,Test176,2,24,4
39139435,Test177,15,1,7
14982210,Test178,3,18,6
90728429,Test179,1,28,4
66622362,Test180,14,27,1
82627378,Test181,15,6,4
92359246,Test182,10,5,7
12384568,Test183,12,24,2
96346405,Test184,10,31,8
46760393,Test185,3,3,8
52434650,Test186,9,10,0
84736083,Test187,6,25,7
14738701,Test188,16,4,0
42136616,Test189,8,3,5
67488915,Test190,10,31,2
78449646,Test191,8,30,4
83648715,Test192,12,16,5
98160708,Test193,5,17,7
83106272,Test194,12,1,7
26285674,Test195,16,17,5
44682355,Test196,10,1,2
31148716,Test197,10,32,3
60810042,Test198,15,24,1
50361860,Test199,3,7,5
38870452,Test200,6,26,6
38993147,Test201,2,22,7
26544384,Test202,13,16,5
76017820,Test203,1,19,6
19699836,Test204,7,30,7
35352324,Test205,12,11,3
78427458,Test206,14,27,6
14879083,Test207,11,16,8
96818540,Test208,6,1,8
47373876,Test209,14,14,7
89721313,Test210,11,25,2
77751821,Test211,15,22,8
89931398,Test212,4,0,7
23660397,Test213,3,21,1
52628415,Test214,10,2,1
28273769,Test215,8,3,5
17010965,Test216,0,27,5
58228463,Test217,8,5,8
83544075,Test218,9,1,2
54022692,Test219,7,4,2
26581760,Test220,6,18,0
82820168,Test221,0,15,2
33145791,Test222,0,29,8
81690593,Test223,14,28,0
89652787,Test224,14,32,4
47225317,Test225,8,9,8
57381519,Test226,11,4,2
98424169,Test227,9,19,0
29017484,Test228,15,11,2
13567486,Test229,9,7,0
17349368,Test230,7,18,0
64054774,Test231,6,5,3
25476855,Test232,5,31,2
40682937,Test233,5,18,4
92182564,Test234,16,2,6
58774633,Test235,15,20,3
35610146,Test236,4,0,0
27931359,Test237,8,23,4
40166144,Test238,12,16,6
41171967,Test239,6,27,6
49135924,Test240,10,31,8
88028758,Test241,2,1,0
16769440,Test242,12,15,6
60414791,Test243,12,28,7
36923596,Test244,0,30,8
22173203,Test245,16,3,8
91661862,Test246,8,30,2
71674642,Test247,11,18,6
82451613,Test248,11,2,7
78688091,Test249,16,26,6
63195120,Test250,12,6,7
37642733,Test251,5,16,1
31420434,Test252,15,32,5
53225627,Test253,15,30,4
38306598,Test254,11,32,1
49324549,Test255,0,21,2
78704275,Test256,5,11,7
57752589,Test257,15,30,0
65441503,Test258,14,22,2
82993682,Test259,13,28,8
26305941,Test260,12,2,3
14676648,Test261,16,2,4
90176404,Test262,4,0,4
57992114,Test263,16,17,4
97336399,Test264,7,31,8
60974341,Test265,7,10,8
27187980,Test266,1,22,8
36049471,Test267,11,9,5
36732213,Test268,2,24,4
96474913,Test269,10,12,0
77920368,Test270,6,19,1
11329296,Test271,10,15,2
45941991,Test272,5,21,2
91597400,Test273,13,6,7
86050692,Test274,8,30,1
97131694,Test275,9,2,8
72442530,Test276,9,2,0
58521382,Test277,9,13,3
43137340,Test278,13,6,4
20245574,Test279,13,1,3
64074134,Test280,0,2,2
21359262,Test281,5,22,0
81853610,Test282,10,22,5
77890390,Test283,9,3,7
85902220,Test284,13,31,6
77900882,Test285,11,3,2
44833575,Test286,10,16,7
42197072,Test287,4,12,5
20955772,Test288,12,5,0
42846536,Test289,5,24,0
87801942,Test290,13,9,2
32646953,Test291,10,10,3
65556797,Test292,15,18,3
82900151,Test293,6,5,0
48948398,Test294,2,32,4
41654292,Test295,0,4,3
26251309,Test296,2,20,8
87700850,Test297,15,10,3
23618227,Test298,15,29,2
35020168,Test299,7,32,0
18016842,Test300,5,10,6
11754314,Test301,14,27,5
57809053,Test302,11,17,1
98589549,Test303,9,23,5
88708536,Test304,7,13,7
65634861,Test305,3,29,5
57581414,Test306,2,3,0
57605197,Test307,9,29,3
94263326,Test308,8,14,8
64876125,Test309,4,14,5
99845765,Test310,11,1,4
47625736,Test311,6,32,3
60960881,Test312,0,32,6
35759787,Test313,9,26,6
94227017,Test314,0,20,8
61536043,Test315,13,9,1
95807808,Test316,10,17,1
52695844,Test317,7,0,8
11499729,Test318,7,3,3
82807495,Test319,7,8,0
85314639,Test320,0,23,7
92874760,Test321,13,11,3
32363245,Test322,14,32,1
40825172,Test323,15,9,7
97884345,Test324,5,1,7
43921260,Test325,0,28,2
27129602,Test326,5,20,0
13204356,Test327,9,10,1
59838098,Test328,11,16,2
73710331,Test329,6,19,8
13855410,Test330,1,16,6
97767259,Test331,6,15,1
42612679,Test332,4,13,7
22013491,Test333,4,13,6
71869453,Test334,16,29,2
80200460,Test335,15,1,2
52850062,Test336,8,5,3
87314863,Test337,0,5,6
34415702,Test338,9,4,3
29189432,Test339,14,8,3
53178961,Test340,11,19,2
15618812,Test341,3,6,2
72201788,Test342,2,31,3
82242665,Test343,10,2,2
16749343,Test344,2,13,3
23885199,Test345,9,22,1
18443865,Test346,5,1,7
99020927,Test347,4,14,1
43431220,Test348,7,26,5
37779946,Test349,3,3,2
85371850,Test350,15,10,7
42268270,Test351,4,21,1
93101928,Test352,16,0,8
31014968,Test353,14,25,1
76580821,Test354,7,8,1
57919568,Test355,0,8,5
74272349,Test356,8,4,1
87107605,Test357,8,13,6
65159867,Test358,8,11,5
11985971,Test359,5,24,4
26578454,Test360,9,16,5
26478630,Test361,10,15,4
50914144,Test362,8,19,6
97110007,Test363,14,20,2
98639394,Test364,8,4,3
25128877,Test365,1,23,3
25713276,Test366,2,13,5
82711763,Test367,2,22,1
83571069,Test368,7,26,2
21983139,Test369,5,0,0
33494810,Test370,3,19,6
40782297,Test371,4,28,5
17225375,Test372,2,13,5
75899688,Test373,3,1,7
96235915,Test374,4,12,5
21569873,Test375,5,16,3
59350694,Test376,15,25,5
42066490,Test377,10,26,4
88923514,Test378,1,7,5
29127634,Test379,5,22,8
15372027,Test380,16,22,5
15441766,Test381,15,12,6
76013466,Test382,4,27,1
58458895,Test383,16,10,5
25475661,Test384,12,5,7
11842432,Test385,13,29,8
50445618,Test386,14,7,5
11252456,Test387,2,3,7
31155494,Test388,2,26,8
86296088,Test389,2,4,0
43944415,Test390,16,3,0
74022399,Test391,1,29,2
86710429,Test392,13,5,5
20434365,Test393,13,28,0
71981856,Test394,5,28,4
94979773,Test395,6,11,0
22498113,Test396,7,24,0
20825456,Test397,16,5,6
49197602,Test398,2,31,4
39005556,Test399,4,14,1
55526507,Test400,5,1,6
28514474,Test401,5,30,0
87264588,Test402,5,12,8
14059319,Test403,6,6,6
24567750,Test404,13,2,7
16663752,Test405,8,3,4
73260353,Test406,2,30,1
35292906,Test407,12,7,6
75096559,Test408,4,0,2
81560559,Test409,9,24,2
21547378,Test410,7,3,0
97763569,Test411,7,0,6
72171742,Test412,12,30,7
18930600,Test413,11,13,5
74739299,Test414,6,28,8
49889791,Test415,9,3,0
66257691,Test416,14,1,3
26175904,Test417,15,11,2
90256004,Test418,16,18,1
41442085,Test419,3,24,7
43488445,Test420,13,9,3
47406995,Test421,9,18,5
34383659,Test422,8,20,6
45087745,Test423,4,8,5
19966529,Test424,16,2,2
73076695,Test425,6,5,1
16571837,Test426,9,15,7
87831575,Test427,15,9,5
95690752,Test428,3,6,7
69564419,Test429,9,19,6
41087933,Test430,14,5,6
97528798,Test431,9,19,8
30959670,Test432,3,1,7
33516477,Test433,13,12,7
50104730,Test434,13,8,8
88508664,Test435,13,26,0
22248556,Test436,0,31,6
77245740,Test437,14,12,2
55339711,Test438,7,16,0
37692175,Test439,13,16,1
33411320,Test440,11,17,1
14782281,Test441,4,18,0
90398786,Test442,5,6,5
42735312,Test443,14,21,4
12891237,Test444,6,28,7
18044144,Test445,5,15,7
80799021,Test446,15,25,3
55381688,Test447,3,6,6
31911685,Test448,13,22,0
67659026,Test449,1,25,6
30251180,Test450,13,20,5
80100089,Test451,10,6,5
23133472,Test452,14,9,7
79205995,Test453,6,21,1
51175362,Test454,7,11,3
68424547,Test455,0,17,5
20863330,Test456,9,19,4
72204622,Test457,12,25,2
87971558,Test458,0,30,8
82963743,Test459,8,17,5
34217956,Test460,13,5,6
95776640,Test461,1,12,0
69485505,Test462,9,19,6
53397228,Test463,12,31,3
95199939,Test464,0,17,5
83412625,Test465,6,15,8
41376072,Test466,6,29,3
58888199,Test467,5,10,3
74757455,Test468,14,11,5
28346433,Test469,5,5,5
76890252,Test470,9,30,0
15672046,Test471,16,29,7
91067319,Test472,2,19,3
42524441,Test473,6,14,8
39382957,Test474,14,23,6
94699028,Test475,11,30,1
55928627,Test476,2,8,8
61070518,Test477,15,24,4
31992521,Test478,5,2,3
95929922,Test479,10,10,2
48768082,Test480,7,18,2
60306873,Test481,5,1,1
69494776,Test482,13,14,0
64771667,Test483,13,18,5
71961955,Test484,7,32,2
77836249,Test485,4,17,6
73488930,Test486,0,18,2
77995002,Test487,9,24,0
13488526,Test488,13,2,2
65994902,Test489,2,15,1
48276738,Test490,11,3,0
37303910,Test491,5,32,6
89645926,Test492,12,13,7
27852663,Test493,2,19,0
60401484,Test494,9,19,2
75355906,Test495,16,1,0
71782194,Test496,2,21,8
75835886,Test497,3,7,5
73619197,Test498,5,12,2
47216161,Test499,4,26,4
32792398,Test500,1,10,2
72462073,Test501,3,32,5
40243012,Test502,5,31,0
95112012,Test503,9,5,2
86128191,Test504,14,2,5
12434269,Test505,7,3,3
79349561,Test506,16,4,8
78207989,Test507,10,21,6
40632605,Test508,2,2,1
66496966,Test509,16,0,1
81136148,Test510,16,7,5
26262295,Test511,16,8,2
35003220,Test512,4,7,6
87188451,Test513,0,27,8
90959839,Test514,16,25,3
44485178,Test515,1,24,0
19940693,Test516,16,11,1
56621556,Test517,0,20,7
60428487,Test518,16,21,5
96043772,Test519,16,18,0
97332240,Test520,16,22,8
79953638,Test521,12,13,1
87562499,Test522,2,0,3
88589703,Test523,10,16,4
70199374,Test524,7,20,3
16102612,Test525,4,21,4
91820285,Test526,3,5,3
16770927,Test527,13,0,5
29845873,Test528,5,28,6
81138647,Test529,7,5,2
88722686,Test530,12,31,3
91849929,Test531,1,2,7
75392821,Test532,7,29,8
51537578,Test533,1,28,1
20543301,Test534,12,11,1
40160727,Test535,16,1,7
91714425,Test536,9,27,5
99632235,Test537,12,18,1
80334011,Test538,9,7,2
48608364,Test539,4,26,1
57724451,Test540,11,16,5
40109824,Test541,8,22,5
35041353,Test542,16,16,3
76845157,Test543,9,16,1
71155855,Test544,9,2,2
64647044,Test545,14,1,1
57099863,Test546,1,5,7
32040158,Test547,14,6,8
39870319,Test548,8,31,8
98684278,Test549,16,26,2
57710567,Test550,2,26,2
99800322,Test551,11,10,3
61899568,Test552,12,13,4
30983263,Test553,3,8,0
19662077,Test554,12,4,0
95235863,Test555,0,11,4
59817734,Test556,8,18,6
99825538,Test557,7,22,6
48356876,Test558,5,30,4
73071038,Test559,6,30,3
21070286,Test560,13,2,8
79587009,Test561,14,10,2
99664056,Test562,7,31,0
33818014,Test563,13,18,5
95342440,Test564,4,26,6
24874668,Test565,9,20,5
19448534,Test566,11,21,6
40107096,Test567,4,13,7
95481148,Test568,5,22,6
57212662,Test569,13,25,1
33027018,Test570,14,23,6
13319198,Test571,16,21,1
56903939,Test572,1,32,2
46116006,Test573,15,25,6
82597462,Test574,10,27,3
94007717,Test575,8,16,5
77868955,Test576,4,16,1
48924465,Test577,3,28,7
53123221,Test578,0,23,1
50586974,Test579,15,27,6
97275455,Test580,5,18,4
85695743,Test581,13,20,3
54137116,Test582,5,1,2
19385076,Test583,13,28,1
43522057,Test584,1,29,7
33968746,Test585,9,27,2
69446114,Test586,5,9,8
34523762,Test587,3,16,4
12138684,Test588,11,28,4
22507095,Test589,2,9,7
27586843,Test590,15,32,6
59350679,Test591,0,0,6
70730662,Test592,3,24,4
19806133,Test593,16,4,3
59588722,Test594,4,15,5
51451851,Test595,15,9,1
90755199,Test596,16,4,2
68490270,Test597,7,4,6
28689216,Test598,2,10,7
80355278,Test599,14,6,1
28578759,Test600,9,26,1
35436771,Test601,9,12,7
50335458,Test602,8,17,5
25908478,Test603,1,10,3
48992833,Test604,7,9,3
53346024,Test605,10,29,7
80311505,Test606,2,26,6
67414372,Test607,8,3,8
77681446,Test608,10,10,1
65070171,Test609,16,14,0
90849051,Test610,6,10,5
70085505,Test611,4,7,2
98667800,Test612,15,4,0
99039757,Test613,2,17,0
31810692,Test614,14,21,4
32653471,Test615,0,18,5
63112808,Test616,4,2,4
82125789,Test617,15,31,0
90823717,Test618,10,5,1
56036471,Test619,5,9,3
30565993,Test620,7,31,8
21111128,Test621,6,32,7
53087759,Test622,15,25,6
41161336,Test623,11,16,3
95195936,Test624,11,32,0
19347881,Test625,11,14,2
42043974,Test626,7,26,6
32352006,Test627,6,9,0
48439321,Test628,6,22,8
90942190,Test629,3,6,5
87235381,Test630,9,8,2
62794536,Test631,1,15,3
79701834,Test632,1,12,7
69982559,Test633,0,8,4
46875806,Test634,14,23,5
42782981,Test635,10,25,2
90855336,Test636,10,14,6
16352298,Test637,10,15,8
38265517,Test638,12,25,7
83245720,Test639,13,31,6
42922509,Test640,3,14,8
12843608,Test641,7,0,8
85950434,Test642,13,0,1
36202880,Test643,14,1,1
55820749,Test644,12,16,7
30955616,Test645,7,27,0
85922367,Test646,16,10,0
93882085,Test647,15,21,8
45018027,Test648,16,18,4
23660622,Test649,2,1,7
39283575,Test650,11,14,0
51791187,Test651,2,26,5
63097273,Test652,4,30,8
43683260,Test653,6,31,0
67271911,Test654,15,19,6
29714134,Test655,14,24,3
81957249,Test656,2,20,8
69030314,Test657,2,32,0
92317823,Test658,6,3,5
23799366,Test659,7,28,1
56068889,Test660,2,13,2
85796576,Test661,8,18,4
69594104,Test662,1,30,0
20487390,Test663,5,12,3
61366944,Test664,0,23,7
60549083,Test665,0,25,8
51244359,Test666,1,12,0
75234151,Test667,0,8,5
69510995,Test668,11,26,0
32966287,Test669,6,32,1
28321737,Test670,13,29,5
15661652,Test671,11,3,8
44530369,Test672,6,18,0
49297579,Test673,11,8,6
87906275,Test674,10,1,8
32325942,Test675,5,22,3
77086902,Test676,10,26,3
86028329,Test677,1,26,2
14816141,Test678,7,26,0
94546955,Test679,11,23,7
28928514,Test680,14,20,7
55641597,Test681,14,26,6
73495966,Test682,5,29,8
35204522,Test683,5,12,8
56493322,Test684,1,21,2
33124221,Test685,7,30,7
24231467,Test686,10,22,1
69948068,Test687,10,4,0
71882601,Test688,0,27,0
39544275,Test689,3,28,7
80208553,Test690,2,11,2
76921404,Test691,7,29,7
34442414,Test692,16,28,1
16674373,Test693,7,9,0
48540300,Test694,3,3,3
47872721,Test695,4,32,6
95765328,Test696,7,27,7
90562514,Test697,13,19,5
50968171,Test698,4,16,3
20064441,Test699,6,15,3
84501553,Test700,16,21,3
79936017,Test701,5,11,4
85845887,Test702,11,18,0
63800376,Test703,1,26,5
58733281,Test704,11,9,2
40093471,Test705,6,16,3
11823379,Test706,13,8,7
62559723,Test707,11,25,6
85627794,Test708,12,16,0
21319693,Test709,11,2,5
84380187,Test710,9,15,2
57751707,Test711,15,4,2
14883090,Test712,13,24,0
79999938,Test713,16,21,0
72699487,Test714,9,24,8
44023102,Test715,6,12,3
21416269,Test716,15,30,8
11784446,Test717,12,26,7
86018155,Test718,5,16,2
71752265,Test719,11,12,4
80754021,Test720,15,10,6
73459946,Test721,9,4,0
17984069,Test722,11,14,4
56278802,Test723,0,12,0
42746060,Test724,5,22,8
98693225,Test725,8,15,3
37489595,Test726,8,19,2
93951967,Test727,16,11,2
48343487,Test728,4,31,8
98181119,Test729,5,26,7
66427585,Test730,16,19,6
97387602,Test731,1,8,3
39927214,Test732,14,16,1
25111271,Test733,2,20,4
62083156,Test734,12,10,4
43401152,Test735,15,12,8
19654320,Test736,3,16,1
36191383,Test737,1,23,6
83397010,Test738,8,32,5
92987294,Test739,6,24,6
17672963,Test740,16,21,8
47573629,Test741,13,14,7
23042116,Test742,8,32,1
14713862,Test743,12,20,5
55239086,Test744,0,15,1
44658907,Test745,0,20,2
80213999,Test746,7,21,5
16614152,Test747,12,21,4
43661867,Test748,0,18,7
20735761,Test749,15,4,7
33260700,Test750,3,2,2
18354215,Test751,14,20,4
52493207,Test752,14,4,3
43395149,Test753,8,24,6
97617931,Test754,10,31,6
39920620,Test755,7,27,6
21543389,Test756,2,29,8
60540994,Test757,11,9,7
17179400,Test758,8,10,1
38607376,Test759,14,15,3
34927054,Test760,6,0,0
65195601,Test761,15,7,1
13280740,Test762,15,0,3
73982348,Test763,2,9,1
69983741,Test764,5,11,6
43235154,Test765,11,8,0
31984174,Test766,5,26,1
55544409,Test767,10,14,0
37427476,Test768,7,8,5
21703497,Test769,16,1,4
46098695,Test770,6,15,6
23847173,Test771,13,12,0
47001954,Test772,4,21,0
31912991,Test773,13,26,2
29080056,Test774,8,16,1
61934714,Test775,12,4,4
31008296,Test776,5,12,0
66266252,Test777,9,1,8
64437040,Test778,16,30,3
39142714,Test779,15,21,0
56163110,Test780,11,7,2
88603566,Test781,8,24,2
26779405,Test782,2,27,7
76535566,Test783,16,8,1
20535105,Test784,11,11,3
47361673,Test785,13,21,8
50963287,Test786,10,15,4
40408380,Test787,11,25,4
32114594,Test788,8,26,1
86159072,Test789,2,7,7
46557609,Test790,7,6,6
36915733,Test791,16,31,8
68850975,Test792,2,24,1
49004160,Test793,7,30,3
26062955,Test794,6,25,0
24523288,Test795,4,21,8
34710142,Test796,11,20,0
80583996,Test797,3,11,7
19421754,Test798,12,12,3
31375869,Test799,7,25,6
56514311,Test800,12,20,0
49908891,Test801,0,3,7
69013981,Test802,10,18,7
82646371,Test803,2,19,6
93598604,Test804,15,16,8
84228115,Test805,10,9,7
52881326,Test806,8,22,7
58386078,Test807,3,15,4
62350264,Test808,2,29,3
73219207,Test809,0,3,4
29686692,Test810,13,26,4
19768582,Test811,12,31,6
31206152,Test812,10,7,2
42313958,Test813,6,0,3
40773414,Test814,12,15,5
16384039,Test815,12,26,3
11282613,Test816,16,22,2
84032948,Test817,10,2,0
98549560,Test818,10,1,1
42397454,Test819,2,30,5
87647631,Test820,3,24,6
89988643,Test821,15,30,2
20025072,Test822,5,25,7
48454295,Test823,8,1,7
41186915,Test824,6,20,3
90727512,Test825,10,12,3
29381207,Test826,0,5,4
34243854,Test827,11,24,2
95087673,Test828,13,23,8
60727070,Test829,2,7,0
73725542,Test830,0,28,0
99997126,Test831,5,2,1
14823135,Test832,0,4,3
42481726,Test833,11,5,2
56156635,Test834,7,7,8
92171421,Test835,1,29,1
87809480,Test836,12,3,7
44837186,Test837,12,10,6
55404585,Test838,12,2,6
88937338,Test839,5,30,5
52044224,Test840,8,29,3
54259378,Test841,8,28,8
16312886,Test842,8,1,5
56198601,Test843,4,21,4
81097252,Test844,10,25,3
73916633,Test845,8,12,4
80592664,Test846,6,5,8
64873385,Test847,3,25,6
89560058,Test848,1,7,0
66171415,Test849,5,22,8
64168036,Test850,14,31,4
80710248,Test851,5,15,8
59323467,Test852,13,22,1
92339643,Test853,9,19,6
48705173,Test854,12,11,0
52683106,Test855,1,31,4
22199027,Test856,16,28,4
19268443,Test857,6,27,1
88785391,Test858,8,4,7
72312209,Test859,1,6,4
52794545,Test860,0,27,5
83692052,Test861,12,7,6
40219690,Test862,2,4,5
95530736,Test863,13,19,3
96536745,Test864,2,18,1
66560897,Test865,6,13,5
99862560,Test866,1,29,1
35160103,Test867,11,4,1
41391682,Test868,1,27,7
21887719,Test869,14,25,6
57720540,Test870,2,10,1
41387617,Test871,10,2,4
89316953,Test872,11,7,8
52412313,Test873,13,8,6
20916724,Test874,11,28,5
14791148,Test875,8,7,2
20420816,Test876,13,12,5
46586393,Test877,9,22,8
83447813,Test878,6,26,0
86650944,Test879,7,0,7
86959079,Test880,16,3,3
85557597,Test881,9,23,6
31840810,Test882,10,20,4
45231525,Test883,15,15,1
74833230,Test884,10,30,8
88941058,Test885,8,17,0
56053812,Test886,12,26,7
98213688,Test887,6,17,0
81970320,Test888,6,14,4
38397823,Test889,6,27,5
98827666,Test890,3,18,1
67749980,Test891,0,29,8
41142295,Test892,4,10,3
18504389,Test893,5,7,5
57278800,Test894,4,7,8
52291699,Test895,0,10,2
67646995,Test896,11,16,8
66449309,Test897,5,17,3
48971015,Test898,5,24,8
50940672,Test899,7,24,5
20672880,Test900,4,21,7
11654541,Test901,14,13,5
37810086,Test902,6,7,4
62796477,Test903,12,16,4
61630227,Test904,5,2,1
18938207,Test905,14,2,1
72708094,Test906,6,6,8
93011996,Test907,7,15,3
27403607,Test908,1,7,5
44170249,Test909,13,23,2
85882460,Test910,3,30,3
47773586,Test911,6,23,4
98700271,Test912,1,13,7
47988758,Test913,2,1,6
41990485,Test914,0,15,1
26011425,Test915,3,16,3
66749118,Test916,12,30,0
64312984,Test917,3,6,7
35919184,Test918,11,18,3
73864521,Test919,14,27,3
95302941,Test920,7,32,4
29310557,Test921,11,9,7
93185149,Test922,8,29,4
69400973,Test923,6,12,7
81592751,Test924,3,24,4
14769083,Test925,8,15,8
27508346,Test926,1,29,8
71812196,Test927,13,27,3
58685835,Test928,2,1,3
88961311,Test929,15,11,7
30929096,Test930,8,20,8
34892440,Test931,1,13,7
49473419,Test932,9,32,0
72849250,Test933,14,21,0
90549186,Test934,8,3,2
72630418,Test935,0,11,0
11656093,Test936,3,32,3
30463983,Test937,14,29,7
63074906,Test938,7,23,6
60244298,Test939,8,12,2
27422850,Test940,8,15,1
75730384,Test941,0,14,4
17830103,Test942,12,13,0
56369904,Test943,11,29,5
84386032,Test944,9,7,6
27557462,Test945,10,21,3
29863740,Test946,5,16,4
82327991,Test947,1,2,1
46194178,Test948,10,14,2
19456092,Test949,2,31,0
67272583,Test950,1,24,5
31363130,Test951,1,14,6
26760247,Test952,6,7,4
38078272,Test953,10,10,6
37822934,Test954,6,21,3
20753226,Test955,15,6,6
85467930,Test956,1,32,4
73389991,Test957,7,21,7
99947969,Test958,0,11,0
75343300,Test959,16,12,0
64991861,Test960,15,32,6
79151288,Test961,9,11,5
84153647,Test962,9,32,7
61919829,Test963,6,22,4
73390992,Test964,3,17,0
17513573,Test965,0,29,3
99889703,Test966,3,25,3
94380871,Test967,0,24,5
58005886,Test968,10,9,1
92961255,Test969,11,25,1
43339867,Test970,5,16,6
93901781,Test971,1,29,5
12617134,Test972,0,10,3
73781224,Test973,4,15,0
70199737,Test974,14,24,5
95458235,Test975,12,10,6
97946946,Test976,6,31,2
30016600,Test977,9,23,7
59924098,Test978,14,32,6
62455350,Test979,14,26,2
76342964,Test980,13,9,1
86084693,Test981,7,19,0
91351080,Test982,4,29,1
91591433,Test983,15,15,1
41334725,Test984,15,26,0
36721266,Test985,12,27,0
30330996,Test986,12,11,7
13032978,Test987,11,27,3
73087550,Test988,5,7,4
29601005,Test989,9,12,6
25341127,Test990,6,22,8
22513285,Test991,2,2,7
26431961,Test992,14,17,7
18035924,Test993,3,16,8
38142503,Test994,4,30,3
58607652,Test995,13,29,5
97561839,Test996,5,32,8
52799481,Test997,15,22,7
24810923,Test998,2,7,8
79842867,Test999,12,17,6
85480970,Test1000,3,16,7
52567437,Test1001,10,5,1
49120175,Test1002,1,20,6
83480062,Test1003,2,1,1
54863173,Test1004,7,27,7
41515937,Test1005,3,26,5
58038215,Test1006,5,4,5
28193342,Test1007,11,7,6
59622718,Test1008,8,20,8
56184728,Test1009,14,27,0
28142688,Test1010,16,16,5
73730814,Test1011,12,27,1
19498454,Test1012,4,3,7
38747079,Test1013,7,8,4
50649000,Test1014,3,32,4
95261321,Test1015,1,9,3
13222365,Test1016,4,4,0
89080355,Test1017,2,19,2
77624829,Test1018,11,18,3
14061868,Test1019,10,2,5
26892203,Test1020,7,13,5
91366726,Test1021,1,9,0
84539152,Test1022,9,13,3
62732852,Test1023,5,29,6
70972666,Test1024,4,30,6
29272741,Test1025,0,22,4
24941903,Test1026,12,14,5
45484674,Test1027,1,2,8
22656541,Test1028,15,6,6
97699151,Test1029,3,11,2
46520937,Test1030,14,14,3
59466878,Test1031,14,20,7
33522459,Test1032,4,0,7
83539617,Test1033,2,17,7
18563536,Test1034,11,25,3
67709289,Test1035,6,29,4
50855529,Test1036,14,7,2
59631279,Test1037,3,4,7
89406447,Test1038,7,5,3
21941630,Test1039,4,28,2
93331305,Test1040,7,0,3
20994245,Test1041,8,1,5
83184229,Test1042,4,25,1
95118668,Test1043,15,27,4
83229625,Test1044,3,2,6
62922827,Test1045,13,5,0
54837929,Test1046,16,3,4
84279801,Test1047,6,6,8
81001042,Test1048,14,8,6
58139002,Test1049,0,29,0
58803341,Test1050,15,27,2
18549705,Test1051,7,17,6
26472672,Test1052,5,8,8
46653282,Test1053,13,14,5
19210884,Test1054,4,6,4
99912160,Test1055,6,11,7
16432536,Test1056,12,2,7
78831978,Test1057,2,21,7
87595565,Test1058,0,17,6
15891764,Test1059,7,13,1
11542530,Test1060,3,8,3
91613642,Test1061,15,21,1
83297046,Test1062,12,1,8
91287386,Test1063,4,32,6
64192693,Test1064,4,7,1
69183624,Test1065,6,7,3
19918841,Test1066,14,24,4
19082681,Test1067,10,29,7
77741955,Test1068,5,15,7
42844137,Test1069,8,9,5
22794414,Test1070,14,18,8
99896353,Test1071,9,17,7
64075161,Test1072,11,23,3
83375573,Test1073,8,13,3
23632309,Test1074,3,0,6
62396536,Test1075,8,17,0
87406700,Test1076,16,6,3
81237778,Test1077,0,5,5
53160487,Test1078,11,4,5
24984785,Test1079,12,3,5
36886203,Test1080,1,32,6
13725064,Test1081,12,12,5
96173905,Test1082,4,7,3
24036944,Test1083,2,9,6
72103573,Test1084,13,5,8
38159996,Test1085,3,5,1
96551524,Test1086,14,1,5
15916748,Test1087,10,29,5
44534214,Test1088,0,3,8
35459664,Test1089,10,30,3
12011375,Test1090,7,32,5
48719068,Test1091,9,24,6
91641118,Test1092,2,28,4
63778672,Test1093,16,20,4
57831517,Test1094,16,4,8
43503463,Test1095,10,25,0
15485984,Test1096,1,14,6
79511961,Test1097,14,3,4
11946826,Test1098,1,5,5
67161061,Test1099,5,32,1
16796264,Test1100,5,14,2
65854321,Test1101,10,25,7
28605474,Test1102,7,22,8
63978714,Test1103,2,12,1
62108275,Test1104,3,27,6
19532026,Test1105,1,23,8
77998537,Test1106,2,15,8
51094319,Test1107,16,12,5
13320825,Test1108,14,23,1
50255858,Test1109,12,28,6
96370640,Test1110,6,27,1
28147789,Test1111,6,0,6
22012906,Test1112,2,6,3
69308455,Test1113,11,29,8
60887517,Test1114,0,10,2
28451698,Test1115,6,29,3
54972463,Test1116,14,26,4
21972102,Test1117,10,9,4
65588881,Test1118,4,11,5
91637947,Test1119,10,29,7
96092208,Test1120,9,3,3
52732476,Test1121,9,1,7
48940734,Test1122,11,4,8
56153340,Test1123,16,0,1
85778317,Test1124,15,15,0
60072314,Test1125,11,30,1
40103799,Test1126,8,8,2
96289762,Test1127,3,22,6
65013761,Test1128,5,25,7
88164338,Test1129,14,5,8
41552588,Test1130,13,15,0
77733629,Test1131,16,17,3
88973015,Test1132,14,11,2
66622564,Test1133,14,12,7
38988335,Test1134,15,21,3
13141266,Test1135,5,29,0
57367041,Test1136,11,24,7
35177366,Test1137,2,28,0
42539441,Test1138,2,19,3
78412256,Test1139,15,12,7
63322290,Test1140,10,7,6
14800075,Test1141,11,4,2
74041718,Test1142,3,8,8
40537638,Test1143,2,26,2
54294730,Test1144,12,1,5
69084384,Test1145,3,23,7
61428126,Test1146,9,32,2
36554250,Test1147,6,19,4
96824904,Test1148,5,19,4
60449231,Test1149,3,15,7
46148542,Test1150,15,13,4
23260757,Test1151,14,24,6
34327373,Test1152,12,9,4
70443035,Test1153,6,12,6
54735733,Test1154,5,31,8
64178514,Test1155,5,30,7
90992159,Test1156,3,25,0
63258526,Test1157,7,28,3
22549116,Test1158,11,13,5
66833158,Test1159,7,21,4
23726034,Test1160,6,10,5
56774620,Test1161,9,24,8
48468668,Test1162,9,23,3
22704681,Test1163,15,8,6
17862027,Test1164,1,25,5
89637788,Test1165,11,2,1
21104467,Test1166,4,15,3
19917149,Test1167,14,22,7
69329248,Test1168,12,16,0
84780506,Test1169,12,16,5
86195074,Test1170,6,29,2
94518591,Test1171,9,4,3
34395404,Test1172,12,12,7
68698102,Test1173,15,26,0
60549360,Test1174,6,5,6
41669060,Test1175,8,4,3
14918523,Test1176,3,3,2
68291680,Test1177,7,17,0
49445119,Test1178,5,24,7
46543210,Test1179,11,20,0
32669653,Test1180,5,7,4
41090455,Test1181,15,29,1
87321923,Test1182,13,15,7
55784711,Test1183,1,17,0
68392515,Test1184,7,29,1
89864587,Test1185,16,17,5
56336926,Test1186,14,3,7
60153024,Test1187,9,21,0
79904751,Test1188,14,28,3
99627929,Test1189,0,8,0
78157953,Test1190,12,15,1
42244328,Test1191,9,13,6
71435526,Test1192,9,15,1
11728009,Test1193,14,9,8
49249048,Test1194,5,29,5
72484763,Test1195,3,1,4
97434434,Test1196,5,10,1
21148665,Test1197,13,0,1
97150654,Test1198,13,8,2
19244492,Test1199,7,23,1
38666037,Test1200,9,28,0
48942456,Test1201,4,30,1
73592887,Test1202,9,6,5
49174329,Test1203,1,9,2
35798970,Test1204,0,19,1
98063045,Test1205,13,15,2
61260813,Test1206,7,16,0
25808535,Test1207,12,29,7
25116419,Test1208,1,27,3
20892021,Test1209,16,12,0
95162934,Test1210,1,19,4
45910046,Test1211,2,17,4
38982589,Test1212,0,10,4
11491287,Test1213,11,17,7
87429081,Test1214,10,14,0
79789255,Test1215,8,17,5
70832484,Test1216,4,18,0
22641447,Test1217,4,21,8
37655950,Test1218,16,6,2
83126669,Test1219,13,15,6
50478958,Test1220,14,4,7
96140145,Test1221,15,0,2
96887543,Test1222,2,21,2
16894767,Test1223,7,23,4
45017915,Test1224,10,25,7
64203666,Test1225,3,8,3
74929205,Test1226,4,8,1
97067899,Test1227,6,15,6
22560555,Test1228,3,8,6
74054190,Test1229,6,7,3
77552946,Test1230,4,21,3
19454496,Test1231,16,29,4
30187956,Test1232,13,14,6
27424563,Test1233,8,5,1
48614171,Test1234,8,3,8
92346516,Test1235,16,2,3
16343716,Test1236,0,7,3
54525099,Test1237,15,5,7
31907793,Test1238,7,14,2
21408795,Test1239,12,29,0
44092714,Test1240,7,17,7
35369799,Test1241,2,17,5
46192079,Test1242,15,13,2
58261453,Test1243,4,6,7
46619648,Test1244,15,23,3
94190606,Test1245,2,6,0
96414222,Test1246,5,7,1
61343684,Test1247,6,1,8
22504237,Test1248,16,17,1
32208466,Test1249,15,6,8
71938992,Test1250,13,3,7
57147438,Test1251,7,23,0
48743946,Test1252,1,31,7
31387296,Test1253,11,30,4
17606886,Test1254,6,10,1
26299063,Test1255,1,0,8
45904081,Test1256,2,8,8
30541458,Test1257,8,14,3
22139522,Test1258,13,6,7
97899642,Test1259,2,26,4
58431261,Test1260,15,20,0
61695344,Test1261,0,0,5
22565432,Test1262,5,31,1
77510885,Test1263,0,19,6
39255938,Test1264,0,9,1
91972164,Test1265,1,6,6
70192131,Test1266,12,7,1
30989609,Test1267,10,4,6
99261679,Test1268,6,13,8
59424608,Test1269,13,15,3
12127238,Test1270,15,0,6
92682070,Test1271,1,10,2
43997174,Test1272,1,14,0
73527140,Test1273,13,7,8
20309048,Test1274,2,13,5
64857027,Test1275,11,6,7
61435718,Test1276,13,24,8
58552748,Test1277,13,11,3
69021606,Test1278,1,27,6
52317528,Test1279,11,3,1
35421785,Test1280,12,16,6
45445290,Test1281,11,16,7
30557988,Test1282,3,26,8
34392401,Test1283,14,20,7
35681087,Test1284,13,27,0
25188751,Test1285,10,16,2
69345276,Test1286,11,24,8
29181288,Test1287,7,32,5
70179672,Test1288,4,21,8
21514481,Test1289,6,21,6
67824509,Test1290,5,18,7
15072058,Test1291,8,6,3
84140235,Test1292,11,30,7
43276265,Test1293,9,30,0
79551764,Test1294,6,25,2
70332177,Test1295,11,32,0
94889272,Test1296,15,32,7
69737847,Test1297,7,10,2
65743300,Test1298,5,8,6
69079042,Test1299,12,9,4
72859414,Test1300,6,0,1
47197796,Test1301,6,19,7
47460818,Test1302,6,26,6
67695271,Test1303,8,11,1
49762374,Test1304,11,16,7
99123244,Test1305,10,7,1
88196658,Test1306,6,18,0
73535661,Test1307,10,4,4
90040915,Test1308,10,17,7
85883379,Test1309,4,2,4
74204734,Test1310,6,16,2
46621608,Test1311,0,29,2
22646683,Test1312,13,17,6
13113612,Test1313,12,21,7
94842074,Test1314,16,12,6
54037596,Test1315,1,3,4
75904925,Test1316,10,12,3
26631198,Test1317,8,23,6
75894068,Test1318,7,18,2
28159484,Test1319,4,15,6
31116392,Test1320,8,30,2
36678641,Test1321,9,15,3
30678788,Test1322,11,25,2
19952294,Test1323,0,16,3
18807694,Test1324,1,16,1
67287280,Test1325,7,10,5
89719269,Test1326,13,11,3
94403203,Test1327,16,2,7
73913169,Test1328,11,7,8
37311306,Test1329,13,13,6
65419634,Test1330,16,32,7
14349897,Test1331,5,27,3
11513518,Test1332,0,21,0
75247740,Test1333,2,29,5
64721438,Test1334,13,32,6
50738579,Test1335,8,5,0
58097488,Test1336,10,6,1
34697823,Test1337,5,14,3
70306013,Test1338,2,27,6
27869469,Test1339,12,32,1
61278749,Test1340,3,1,5
70087291,Test1341,9,22,0
54664367,Test1342,13,5,5
72285081,Test1343,11,9,8
18601914,Test1344,2,26,4
57148055,Test1345,14,30,0
64423384,Test1346,3,3,1
48875838,Test1347,11,2,4
29576739,Test1348,15,3,7
35391828,Test1349,3,31,0
82227140,Test1350,1,4,8
75564386,Test1351,15,4,2
96157271,Test1352,12,11,0
45375130,Test1353,13,31,8
50450310,Test1354,15,15,4
47270655,Test1355,11,19,4
41193178,Test1356,1,9,8
97739613,Test1357,7,26,4
83495740,Test1358,14,10,2
62518160,Test1359,8,14,8
31832619,Test1360,0,11,3
53819835,Test1361,12,8,2
37814784,Test1362,7,2,1
36644286,Test1363,9,29,2
42097794,Test1364,13,12,4
69783780,Test1365,1,29,1
70999832,Test1366,15,0,1
51921217,Test1367,13,14,0
47914746,Test1368,9,19,5
22146019,Test1369,7,32,0
15633351,Test1370,13,29,6
40951284,Test1371,2,13,5
27975467,Test1372,5,2,3
69754525,Test1373,3,6,1
23297892,Test1374,7,10,6
24975826,Test1375,16,29,1
50721356,Test1376,13,18,8
45365177,Test1377,0,22,0
38761334,Test1378,1,31,0
94729466,Test1379,10,12,6
91787209,Test1380,4,21,4
18470238,Test1381,4,20,7
76065449,Test1382,3,18,5
96476058,Test1383,7,24,8
18544231,Test1384,16,31,7
71619615,Test1385,2,2,2
37474747,Test1386,13,7,5
12776526,Test1387,12,10,2
24080870,Test1388,7,23,3
21705943,Test1389,4,18,8
58638849,Test1390,1,17,6
18091518,Test1391,5,3,7
34845812,Test1392,15,2,3
86725582,Test1393,7,1,0
45168310,Test1394,3,16,5
21624117,Test1395,15,16,2
86498113,Test1396,9,0,8
46682366,Test1397,1,0,2
83017620,Test1398,8,13,4
82836453,Test1399,10,9,3
19053943,Test1400,0,26,1
82318795,Test1401,3,12,6
50089934,Test1402,9,21,6
99369812,Test1403,12,1,7
73166788,Test1404,1,14,6
61347103,Test1405,7,1,2
47704977,Test1406,14,17,2
74071083,Test1407,13,19,4
43818200,Test1408,12,20,0
17256887,Test1409,15,3,8
52624826,Test1410,7,0,3
35682800,Test1411,9,32,1
56763552,Test1412,16,29,5
13381243,Test1413,3,3,8
27722450,Test1414,5,12,0
87090814,Test1415,8,14,7
19400160,Test1416,3,15,6
28570824,Test1417,10,27,1
70836813,Test1418,5,14,7
70342738,Test1419,6,28,5
46710245,Test1420,14,22,0
72317656,Test1421,9,2,8
91130818,Test1422,7,32,5
50580286,Test1423,16,12,0
36793929,Test1424,16,27,2
30659995,Test1425,15,21,4
38803188,Test1426,10,10,1
69215306,Test1427,4,22,6
76446014,Test1428,1,16,4
98256130,Test1429,0,25,6
97819047,Test1430,11,25,8
29993312,Test1431,0,17,2
44805147,Test1432,16,12,2
34330082,Test1433,10,8,7
43094247,Test1434,16,1,8
43461259,Test1435,9,16,6
34579917,Test1436,7,31,8
47309864,Test1437,2,21,3
58346037,Test1438,12,1,8
67291465,Test1439,12,6,1
83895135,Test1440,11,5,1
68352092,Test1441,13,30,4
36717380,Test1442,9,26,7
53463965,Test1443,7,30,7
67086577,Test1444,3,20,5
80195756,Test1445,6,12,7
77264115,Test1446,0,25,8
88506357,Test1447,4,2,4
39124943,Test1448,14,27,8
12049180,Test1449,15,1,6
92799781,Test1450,7,5,2
29653176,Test1451,0,8,7
27626326,Test1452,11,1,0
92964620,Test1453,9,25,2
32101536,Test1454,5,17,7
73529764,Test1455,11,10,1
27645561,Test1456,16,24,2
62391735,Test1457,8,10,3
40819713,Test1458,12,12,4
91054545,Test1459,5,26,2
76230771,Test1460,15,26,1
13538953,Test1461,13,25,7
16072411,Test1462,2,18,2
70445204,Test1463,14,9,6
25997142,Test1464,4,28,5
70046239,Test1465,9,11,8
65649644,Test1466,9,20,7
48865247,Test1467,10,16,3
72520553,Test1468,2,17,0
82492721,Test1469,16,0,0
32728341,Test1470,2,26,1
36192747,Test1471,4,19,7
87920600,Test1472,0,18,0
83060367,Test1473,5,23,4
76227522,Test1474,14,26,3
41830552,Test1475,1,19,0
66212547,Test1476,6,28,4
80944891,Test1477,16,6,8
44165018,Test1478,7,9,1
61127707,Test1479,16,9,2
89091181,Test1480,0,4,6
93757952,Test1481,4,29,1
53455044,Test1482,4,16,5
26270279,Test1483,16,2,7
47157172,Test1484,10,7,0
88634278,Test1485,16,24,2
73360412,Test1486,14,1,3
40316682,Test1487,16,16,7
37396490,Test1488,2,17,3
79627201,Test1489,14,15,0
91030829,Test1490,7,24,1
72087345,Test1491,2,21,0
28671133,Test1492,9,9,1
16160020,Test1493,4,4,3
64230891,Test1494,4,18,0
54719555,Test1495,5,10,2
84761359,Test1496,13,30,8
18594375,Test1497,7,0,4
99632417,Test1498,12,19,3
80672718,Test1499,4,25,5
26459552,Test1500,5,2,0
65307405,Test1501,13,19,5
36617602,Test1502,16,8,0
67219829,Test1503,16,26,1
85797215,Test1504,14,32,2
21233136,Test1505,3,23,3
39214697,Test1506,10,9,8
71978267,Test1507,8,10,8
52165135,Test1508,10,26,3
39065836,Test1509,1,13,3
52675129,Test1510,2,6,5
24815001,Test1511,5,9,1
36766000,Test1512,6,7,2
71003137,Test1513,3,6,6
23572880,Test1514,1,0,0
12290682,Test1515,10,1,3
13431977,Test1516,6,4,2
69850704,Test1517,16,25,4
48569475,Test1518,11,3,0
48869115,Test1519,16,26,2
81737906,Test1520,15,17,6
41233585,Test1521,3,18,8
43592642,Test1522,3,19,0
68019363,Test1523,11,5,8
52362230,Test1524,16,8,1
51434595,Test1525,6,19,8
93188009,Test1526,8,23,4
17664746,Test1527,7,10,1
32651275,Test1528,13,5,1
43805841,Test1529,7,10,3
44371971,Test1530,1,4,1
45984689,Test1531,11,26,1
66253029,Test1532,0,8,0
18523337,Test1533,10,5,1
91507629,Test1534,12,26,0
16725928,Test1535,14,19,1
57198795,Test1536,12,17,5
62806342,Test1537,12,30,0
14280819,Test1538,15,8,8
51624833,Test1539,2,24,0
82721253,Test1540,9,4,4
31455732,Test1541,9,23,0
99091497,Test1542,4,3,2
28066643,Test1543,11,6,6
81494951,Test1544,4,30,0
41553379,Test1545,5,2,1
70254428,Test1546,16,15,5
81176585,Test1547,10,29,1
20763857,Test1548,6,26,4
57132590,Test1549,4,10,1
47053724,Test1550,1,20,6
36800247,Test1551,16,24,8
84668600,Test1552,9,7,5
32118657,Test1553,16,12,8
89812799,Test1554,1,7,2
87871987,Test1555,10,12,4
42368820,Test1556,2,2,2
68017599,Test1557,10,28,8
27285196,Test1558,11,23,0
21643465,Test1559,10,12,7
78909508,Test1560,4,7,4
67734585,Test1561,14,21,8
37074729,Test1562,11,29,2
83589073,Test1563,14,31,0
29167628,Test1564,4,4,4
13405633,Test1565,1,3,5
89626955,Test1566,8,18,1
26613955,Test1567,4,11,8
86437659,Test1568,16,6,8
26862366,Test1569,14,6,5
44898839,Test1570,4,12,1
52420468,Test1571,1,1,5
72866000,Test1572,12,20,0
34332468,Test1573,10,27,6
24919652,Test1574,0,14,7
60604024,Test1575,2,9,7
96066872,Test1576,1,25,7
48001618,Test1577,7,9,6
77775538,Test1578,10,16,3
38575330,Test1579,9,10,3
71741337,Test1580,14,31,0
22338216,Test1581,10,3,4
58101925,Test1582,6,14,1
24614999,Test1583,4,3,5
33902635,Test1584,9,23,8
92321158,Test1585,13,27,1
54344921,Test1586,1,7,5
56807210,Test1587,11,26,4
32403802,Test1588,12,5,0
25270428,Test1589,5,11,3
36282232,Test1590,13,30,8
59505177,Test1591,1,2,5
76794046,Test1592,11,24,8
82904300,Test1593,6,8,2
56207660,Test1594,9,13,1
50587426,Test1595,16,32,4
76148456,Test1596,7,23,0
14188694,Test1597,11,3,0
74338724,Test1598,1,11,2
86341547,Test1599,0,12,3
61818131,Test1600,2,29,6
50283319,Test1601,12,3,1
95490473,Test1602,5,25,8
51903375,Test1603,5,4,5
52087832,Test1604,6,17,8
89777593,Test1605,7,19,7
97378602,Test1606,4,15,7
36923595,Test1607,1,15,1
45807304,Test1608,3,25,6
26767422,Test1609,6,1,6
43062817,Test1610,2,18,2
86793049,Test1611,16,15,4
20569433,Test1612,5,13,0
92511693,Test1613,1,21,3
56057652,Test1614,13,28,2
89575542,Test1615,14,29,6
94473797,Test1616,1,32,0
58606306,Test1617,10,20,1
83829150,Test1618,11,24,7
39699855,Test1619,13,12,2
73236550,Test1620,9,20,7
55767809,Test1621,10,4,0
41793818,Test1622,16,5,5
48651124,Test1623,15,14,8
18912176,Test1624,2,16,4
53595170,Test1625,16,16,0
62058292,Test1626,14,24,8
35398439,Test1627,4,17,8
75602948,Test1628,9,1,5
48553103,Test1629,11,23,4
30494290,Test1630,6,1,1
15461437,Test1631,11,6,1
57802186,Test1632,5,2,8
51122068,Test1633,16,7,6
49672757,Test1634,1,10,2
75949383,Test1635,8,3,6
17353534,Test1636,12,7,2
21634616,Test1637,1,29,2
37501026,Test1638,4,1,5
45755513,Test1639,0,3,5
57193173,Test1640,14,12,6
75996371,Test1641,9,28,5
42095968,Test1642,6,24,2
13907653,Test1643,15,20,0
51794543,Test1644,15,1,7
29092118,Test1645,8,32,8
64210140,Test1646,3,22,7
81545079,Test1647,1,6,8
67413713,Test1648,3,13,0
89167501,Test1649,15,17,6
89354555,Test1650,2,14,8
47640681,Test1651,3,27,6
13412341,Test1652,1,8,6
47892874,Test1653,15,19,2
92147830,Test1654,2,26,7
32337191,Test1655,9,23,4
41897239,Test1656,11,9,2
11157240,Test1657,3,15,8
95079586,Test1658,9,3,0
65876455,Test1659,7,11,1
43898658,Test1660,11,26,3
16808102,Test1661,1,29,8
89745433,Test1662,12,7,1
66568016,Test1663,11,6,4
19839617,Test1664,13,18,7
85303542,Test1665,11,14,8
39002501,Test1666,15,1,3
70541507,Test1667,4,19,6
40214342,Test1668,4,11,0
12129126,Test1669,6,0,3
18057171,Test1670,14,4,5
59333087,Test1671,3,2,5
17715883,Test1672,5,29,4
44758306,Test1673,15,26,0
82730125,Test1674,15,31,2
46401103,Test1675,3,15,5
82889611,Test1676,12,10,3
92091886,Test1677,8,0,7
88205713,Test1678,7,29,2
44902936,Test1679,9,4,7
89472533,Test1680,5,29,7
12321659,Test1681,16,16,1
61453818,Test1682,12,17,4
58564451,Test1683,7,28,8
67348403,Test1684,15,16,0
23603250,Test1685,8,30,3
24732606,Test1686,13,31,8
43500849,Test1687,11,4,8
57559590,Test1688,0,14,7
26979370,Test1689,1,1,2
99899626,Test1690,4,20,0
59286814,Test1691,8,26,5
31484245,Test1692,3,15,5
22956763,Test1693,14,22,4
41192580,Test1694,2,18,4
89725714,Test1695,13,19,8
18128333,Test1696,16,2,0
13877777,Test1697,16,10,0
15821364,Test1698,1,11,0
81226329,Test1699,13,18,0
26339768,Test1700,8,9,0
67215069,Test1701,15,16,5
86171615,Test1702,5,22,7
57165768,Test1703,5,13,5
48525057,Test1704,9,14,5
59625459,Test1705,2,2,7
51563525,Test1706,15,20,0
74857925,Test1707,2,27,1
65592430,Test1708,2,3,1
91245106,Test1709,3,12,8
48047868,Test1710,3,17,8
21112291,Test1711,1,12,3
91826743,Test1712,4,19,1
88129183,Test1713,8,21,0
36744872,Test1714,8,17,1
12470083,Test1715,11,31,6
35040741,Test1716,11,4,8
74100106,Test1717,14,7,7
14626985,Test1718,11,18,4
11980852,Test1719,4,13,4
21294644,Test1720,10,25,4
81009178,Test1721,7,12,6
64750924,Test1722,10,4,2
13703919,Test1723,16,19,1
59651631,Test1724,11,22,2
72918383,Test1725,11,24,2
80110290,Test1726,12,8,3
68937232,Test1727,8,30,0
68854072,Test1728,9,4,1
42146163,Test1729,13,22,1
26812886,Test1730,10,17,7
48147563,Test1731,2,17,5
50499757,Test1732,0,30,2
84367122,Test1733,12,11,3
69463522,Test1734,12,30,4
41225248,Test1735,7,12,3
49401090,Test1736,14,14,7
59361856,Test1737,7,11,0
38496663,Test1738,2,22,8
74709478,Test1739,9,18,7
53907174,Test1740,12,29,3
80032499,Test1741,5,11,3
22790542,Test1742,13,31,8
53408707,Test1743,4,4,7
47778243,Test1744,3,1,6
48443815,Test1745,5,30,5
41648177,Test1746,14,1,5
49687812,Test1747,9,0,8
81954787,Test1748,4,29,7
99717743,Test1749,15,5,8
38958774,Test1750,11,31,0
12269913,Test1751,3,17,3
55980406,Test1752,7,6,4
60040109,Test1753,10,8,2
71349828,Test1754,9,28,3
56540632,Test1755,2,18,8
56633121,Test1756,3,23,6
69243630,Test1757,9,15,0
31671174,Test1758,14,4,6
21096536,Test1759,13,12,3
73181861,Test1760,2,28,4
30049165,Test1761,0,25,3
94389421,Test1762,3,20,1
19075776,Test1763,2,22,1
76282999,Test1764,13,14,6
71877930,Test1765,0,5,7
78269991,Test1766,12,28,1
40099055,Test1767,4,6,7
59208922,Test1768,9,8,3
32104640,Test1769,14,28,0
63348951,Test1770,1,21,2
57704349,Test1771,13,10,2
32178670,Test1772,12,21,7
75099781,Test1773,3,29,4
52815644,Test1774,7,10,6
74511952,Test1775,0,21,1
69927338,Test1776,3,5,1
49850962,Test1777,4,19,1
21710898,Test1778,2,3,6
81632142,Test1779,6,24,1
56497825,Test1780,14,2,6
60647975,Test1781,1,8,1
96206560,Test1782,9,26,0
48327503,Test1783,7,28,1
15982841,Test1784,1,14,3
16301968,Test1785,5,4,2
77217679,Test1786,6,32,6
95526910,Test1787,11,18,7
31688991,Test1788,15,7,3
17471055,Test1789,7,20,1
75223593,Test1790,13,32,5
34254021,Test1791,4,32,7
33466631,Test1792,4,27,8
72552921,Test1793,8,18,7
52640490,Test1794,4,22,1
12282446,Test1795,5,2,6
89165970,Test1796,10,15,0
96877674,Test1797,10,16,7
31990275,Test1798,15,31,8
31609362,Test1799,0,13,6
89930370,Test1800,9,26,4
69121568,Test1801,6,7,6
53117021,Test1802,1,19,0
40594379,Test1803,3,13,1
15700906,Test1804,13,21,2
44133181,Test1805,6,27,7
47515434,Test1806,9,14,6
96470443,Test1807,4,19,0
19339500,Test1808,13,16,7
22427780,Test1809,13,2,7
82591219,Test1810,16,22,3
35703159,Test1811,12,19,5
27294822,Test1812,2,16,7
90609241,Test1813,8,29,5
57031855,Test1814,11,30,7
71144093,Test1815,11,10,6
89014417,Test1816,9,13,7
21370699,Test1817,2,22,5
80289431,Test1818,11,15,8
94677142,Test1819,14,15,8
91205771,Test1820,4,10,2
76999492,Test1821,13,8,1
71468060,Test1822,14,19,0
65740671,Test1823,8,25,1
59613988,Test1824,6,21,7
12557774,Test1825,9,9,2
62894955,Test1826,10,10,0
72584507,Test1827,8,9,6
30171721,Test1828,11,24,0
87068828,Test1829,5,17,0
93890840,Test1830,0,12,6
59926698,Test1831,9,2,7
58497373,Test1832,5,26,6
18223917,Test1833,5,25,5
76845139,Test1834,4,29,3
86488477,Test1835,0,31,0
21902622,Test1836,1,14,0
68010906,Test1837,15,8,0
12764202,Test1838,15,9,4
35420575,Test1839,11,16,6
84879120,Test1840,7,10,2
58773292,Test1841,12,3,1
30556115,Test1842,16,21,2
94409956,Test1843,7,28,1
27960775,Test1844,4,7,7
49173848,Test1845,10,6,1
64101757,Test1846,15,13,8
12762520,Test1847,14,14,8
89887890,Test1848,11,15,6
81151070,Test1849,9,2,1
11200663,Test1850,7,17,4
47973809,Test1851,4,24,7
74260351,Test1852,10,1,3
35837781,Test1853,4,10,4
47500733,Test1854,0,0,8
43370654,Test1855,11,16,0
31805889,Test1856,11,5,1
83836946,Test1857,3,4,0
36031921,Test1858,8,22,6
22671253,Test1859,1,24,7
30677621,Test1860,8,20,0
61705956,Test1861,13,4,7
44812177,Test1862,3,7,4
22783796,Test1863,13,15,3
97345251,Test1864,0,12,3
96015224,Test1865,0,26,8
45879023,Test1866,15,26,6
92112177,Test1867,10,26,3
15897118,Test1868,8,21,0
73428454,Test1869,1,14,7
24752580,Test1870,15,1,7
95736373,Test1871,3,5,6
50216283,Test1872,9,9,3
13326094,Test1873,7,4,1
89814243,Test1874,6,31,1
25021805,Test1875,11,26,7
44317282,Test1876,4,19,8
42366998,Test1877,1,32,3
84716610,Test1878,15,14,3
40659132,Test1879,10,15,7
35535126,Test1880,13,4,7
42155459,Test1881,1,24,5
98719850,Test1882,13,24,3
37773651,Test1883,6,0,5
77969249,Test1884,15,30,4
85040284,Test1885,0,9,4
36612029,Test1886,9,10,4
72118152,Test1887,5,3,5
48024697,Test1888,14,4,3
80439359,Test1889,14,15,4
28481637,Test1890,9,29,2
48759073,Test1891,13,17,4
93370572,Test1892,13,30,7
91978949,Test1893,15,1,6
77003445,Test1894,13,15,1
78079529,Test1895,11,10,6
16780605,Test1896,8,8,3
87221404,Test1897,7,32,5
14298142,Test1898,3,17,6
91050446,Test1899,9,29,4
47342742,Test1900,16,27,7
70341090,Test1901,7,14,5
58437254,Test1902,4,28,2
87283210,Test1903,4,29,2
26345461,Test1904,3,11,1
18245900,Test1905,6,11,4
98506043,Test1906,14,2,5
20897705,Test1907,8,14,1
92388805,Test1908,6,2,2
97234316,Test1909,11,24,0
99279817,Test1910,8,0,7
17447612,Test1911,0,3,1
30258973,Test1912,14,0,2
94792589,Test1913,5,13,6
90542392,Test1914,7,24,4
88179587,Test1915,9,20,7
58836922,Test1916,16,22,1
21307719,Test1917,8,29,1
86181863,Test1918,8,32,1
20675705,Test1919,4,10,2
14175622,Test1920,14,15,6
96705145,Test1921,10,20,2
24942454,Test1922,14,5,6
12305456,Test1923,7,0,3
73162419,Test1924,16,31,2
78741772,Test1925,16,6,6
97717073,Test1926,4,23,2
35881878,Test1927,6,22,2
81699513,Test1928,12,10,3
54177408,Test1929,11,3,3
62358331,Test1930,0,4,0
32322197,Test1931,16,7,0
90080024,Test1932,14,30,6
63897660,Test1933,8,10,5
86764159,Test1934,2,22,0
11193509,Test1935,14,27,6
47983921,Test1936,10,29,0
57345122,Test1937,10,30,0
62464110,Test1938,13,6,0
98017392,Test1939,0,25,3
88641434,Test1940,4,19,8
98715530,Test1941,5,28,1
21816757,Test1942,5,31,0
95955077,Test1943,15,28,2
78950123,Test1944,14,15,0
74581684,Test1945,16,24,0
68313985,Test1946,2,24,2
68538223,Test1947,6,30,5
46714839,Test1948,8,27,4
54829065,Test1949,8,24,7
31667130,Test1950,16,23,8
97875338,Test1951,0,16,6
19280529,Test1952,16,18,7
59040576,Test1953,6,14,5
12693066,Test1954,1,29,5
85069845,Test1955,15,15,0
54379608,Test1956,8,21,8
96285382,Test1957,2,29,8
55205767,Test1958,7,29,6
71489060,Test1959,13,12,6
96143979,Test1960,11,8,7
71062805,Test1961,12,24,6
27412136,Test1962,2,1,5
33903420,Test1963,6,12,6
11903314,Test1964,2,7,4
18863290,Test1965,0,8,8
53228772,Test1966,10,18,4
82965877,Test1967,8,10,8
72323411,Test1968,16,7,8
64303370,Test1969,14,26,2
36286599,Test1970,10,22,5
15711112,Test1971,1,21,0
76198452,Test1972,14,27,3
43676535,Test1973,7,2,1
19860367,Test1974,4,32,2
88928279,Test1975,13,26,5
22627071,Test1976,12,17,1
83750305,Test1977,16,5,6
35751550,Test1978,11,12,1
76235926,Test1979,0,22,2
65435564,Test1980,8,22,2
83278091,Test1981,13,14,4
83150595,Test1982,8,4,8
69777974,Test1983,5,4,7
11815183,Test1984,0,12,0
82619890,Test1985,11,7,7
69844733,Test1986,15,24,5
35881284,Test1987,0,29,1
87528268,Test1988,2,22,6
38855415,Test1989,12,10,2
77542920,Test1990,1,14,5
42848661,Test1991,16,18,4
29141254,Test1992,2,19,8
61209826,Test1993,3,23,2
26985836,Test1994,14,25,8
45591929,Test1995,1,6,7
34829399,Test1996,8,21,7
60579409,Test1997,12,5,1
46080502,Test1998,3,32,0
51097067,Test1999,0,7,5